Task_ID,Task_Summary,Judge_Verdict_Summary
93046,Your task is to extract all relevant documentation from GitHub Copilot Documentation efficiently whi,"The agent successfully extracted and organized the GitHub Copilot documentation. Evidence: it discovered 281 unique links, created structured indexes "
121347,Canada February 2025 economic calendar official releases and details,"The agent provided a clear, detailed list of Canada's official February 2025 economic releases, primarily from Statistics Canada, including dates and "
122404,"go to amazon.com, search laptops, go to each laptop page and grab info of (Name,RAM,GPU,Processor,Di","The agent navigated to Amazon, searched for laptops, collected product links from the first two results pages, visited each product page, and extracte"
124347,"crawl and scrape all product data, including handling pagination, from https://skymint.com/white-clo","The agent successfully scraped the specified Skymint White Cloud categories (Flower, Pre-rolls, Vaporizers, Edibles, Concentrates), handled the age ga"
205360,Task: Collect comprehensive information from Visa's latest earnings for analyst report.          Ste,The agent successfully located Visa’s Q4 FY2024 materials on the official IR site and related authoritative sources. It accessed and saved the earning
225377,Extract the following information from the provided product page: URL: https://www.adidas.jp/%E3%82%,"The agent delivered the requested optionGroups (Colours and Sizes) with option names and image URLs. Despite adidas.jp blocking access (403), the agen"
246025,Go to https://www.zolo.ca/ and select Price and write 1600000. Then find homes with 4 bedrooms then ,"The agent navigated Zolo.ca, applied a max price of $1,600,000 and a 4+ bedrooms filter, and searched around Scott Road & 80 Ave. It extracted listing"
265470,1. Go to url https://www.nseindia.com/companies-listing/corporate-filings-financial-results-comparis,"The agent navigated to the specified NSE page, entered and selected 'Tata Consultancy Services Limited', executed the search, and extracted the popula"
325376,"Task: Get 10 vendors with name, email, address, contact_no, rating, and vendor_distance. Retrieve co","The agent delivered a file (vendors.json) containing 10 bicycle tire repair vendors near Uppsala with name, website, email, contact number, address, r"
649583,Visit major consulting firms' methodology pages and extract structured data:1. McKinsey Insights: Ex,The agent produced a structured JSON file named consulting_methodologies.json and reported its location. Reviewing the recorded read step indicates th
885584,"Get 100 item images from https://taobao.com.          You act like a human being, go straight to ite","[Used 2 step inspection(s)] The agent navigated to taobao.com, stayed on the homepage, scrolled through the product tiles, and extracted 100 items wit"
887205,Open the webpage https://www.adb.org/work-with-us and retrieve a list of the first 3 currently open ,"The agent provided a concise list of the first three currently open ADB consulting tenders, each with the requested details: title, reference number, "
917119,"Go to https://www.google.com/maps/place/UCI+Cinemas+Showville+Bari/@41.0907971,16.8850177,17z/data=!",[Used 1 step inspection(s)] The user requested all reviews from the specified Google Maps listing. The agent extracted and delivered only 548 reviews 
944335,Go to https://www.machinerytrader.com/listings/search?Category=1055&sort=9          If a captcha is ,[Used 3 step inspection(s)] Verified via inspect_step that the agent extracted and output JSON objects for matching listings on multiple pages. Step 1
1007520,"wisconsinsurplus.com visit the site and extract the auction item details including prices, current b",The agent navigated from wisconsinsurplus.com to the auction listing pages and extracted item-level data. Its Python extraction steps show it located 
1062848,You are an e-commerce site analyzer. Visit https://www.closed.com/en/women/jeans and carefully analy,The agent delivered a detailed report addressing all requested points. It handled the cookie consent popup (Step 3 found the 'Accept All' button and S
1081387,"Fetch the the name, company, phone, email, and website of lawyers at https://irela.org/Lawyer-Direct","The agent navigated to the specified directory, iterated through result ranges 1-50, 51-100, and 101-150, extracted name, company, phone, email, and w"
1093228,Goal: Find details about the most recent critical Next.js vulnerability (Authorization Bypass in Nex,"The agent delivered a concise, accurate summary of the most recent critical Next.js vulnerability (Authorization Bypass in Next.js Middleware). Using "
1122929,Go to https://szigetfestival.com/en/tickets and scrape the webpage to extract all available ticket p,"The agent navigated to the requested page, dismissed the cookie banner, expanded ticket sections, and extracted detailed ticket data. It produced stru"
1130803,go to www.canon.de and get all product information for system cameras. add these to a table,[Used 1 step inspection(s)] The delivered table (canon_system_cameras.md) is low quality and does not fulfill the request. The Beschreibung column con
1133145,Scrape the first 20 tenders for UN-related IT projects from the UN Global Marketplace at https://www,[Used 2 step inspection(s)] The agent navigated the UNGM site and extracted a list of tenders. The final file tenders.json (verified via inspect_step 
1136410,Go to ycombinator.com and find all enterprises under the Winter 2025 (W25) B2B tag. Collect informat,"The agent navigated to ycombinator.com, filtered for Winter 2025 and B2B, and extracted company data. It produced a JSON file (yc_w25_b2b_companies.js"
1145398,"Scrape the tenders from https://www.act.nato.int/opportunities/contracting/. For each tender, extrac","The agent successfully scraped the NATO ACT contracting page and produced a JSON array containing tenders with the requested fields: title, reference "
1195938,Goal: Gather detailed information about the identified Rails and GraphQL Ruby authentication CVEs Ex,The agent visited all candidate URLs (NVD pages for each CVE and the GitHub advisory) and produced a consolidated report file (cve_details.md) contain
1297694,Goal: Find detailed information about the SRP authentication flow and cryptographic operations in th,"The agent delivered a substantive, technically detailed summary of the SRP flow as implemented in alexrudd/cognito-srp, including: parameters (N, g, k"
1327246,Goal: Analyze authentication implementation and the main server entry point Background motivation: N,"The agent delivered a detailed analysis of both the authentication implementation and the server initialization, aligned with the user’s goal and expe"
1356330,"**Objective:** Scrape contact details for companies in specific WCA networks located in Hong Kong, s","The agent completed the core objective. It filtered the WCA directory for the specified four networks and Hong Kong, set Order By to Company Name, and"
1377055,Infer using tool [infer_from_page_markdown_with_navigational_links]- extract articles (with correspo,The agent provided a concrete list of Vogue Singapore articles (titles and URLs) that mention openings of international luxury retail brands in Singap
1485252,"0. Go to https://www.daraz.pk/, handle any captcha/security if shown.     1. Search for 'wireless he","The agent navigated to daraz.pk, searched for 'wireless headphones', scraped the first two pages, and extracted product name, price, and number sold. "
1528795,"Extract detailed information about the ZOTAC Gaming GeForce RTX 5080 from Amazon, including specific",The agent navigated to the Amazon product page for the ZOTAC Gaming GeForce RTX 5080 Solid OC White Edition and extracted detailed information. Final 
1570984,"Navigate to the U-Haul website, input the origin zip code 01420 and destination zip code 20743, and ","The agent navigated to U-Haul, entered the specified ZIPs, and reached the truck rates page. From there, it extracted prices and availability for the "
1609021,Go to the website https://www.apartments.com/ and search for real estate	Grok 3.5 (xAI): Search for ,"The agent delivered a substantive set of Burleson, TX rental listings with key details (name, address, price, beds/sqft) after applying a price filter"
1624560,Goal: Find detailed information about libfreetype6 version in Ubuntu 22.04 and comprehensive details,"The agent delivered what the user requested: a detailed Ubuntu 22.04 (Jammy) libfreetype6 version history, the exact version/date where CVE-2025-27363"
1624674,Goal: Get specific details about freetype module's CMake configuration and how to include it in a co,The agent delivered what the user asked for: (1) It extracted the freetype module’s dependency handling from the OpenCV 4.10.0 opencv_contrib CMakeLis
1664550,Read webpage https://www.sec.gov/Archives/edgar/data/1318605/000162828025003063/0001628280-25-003063,The agent navigated to the SEC filing’s interactive data viewer and extracted the Consolidated Balance Sheets table. The python extraction steps show 
1672827,Read webpage https://www.amazon.com/s?k=rtx+3060+ti+gaming+pc+intel+i7 and follow the prompt: Extrac,The agent provided a concrete list of models that match 'RTX 3060 Ti' with Intel Core i7 and extracted the requested fields where available. It produc
1681243,Read webpage https://karpathy.ai/ and follow the prompt: Analyze the page for keyword usage and cont,"The agent delivered a structured SEO analysis of karpathy.ai that matches the user’s requested criteria: it identified primary keywords, discussed key"
1704522,Goal: Find technical details of the vulnerability from GitHub or the original pull request that fixe,"The agent delivered what the user asked for: technical details of the qs vulnerability from GitHub, including the original PR and a technical explanat"
1748573,Goal: Find information about China's National Intelligence Law and requirements for companies to ass,The agent delivered what the user requested: it found and cited specific provisions from China’s National Intelligence Law that require organizations/
1757675,Read webpage https://www.vals.ai/benchmarks and follow the prompt: \u68c0\u67e5\u6240\u6709\u7684\u5,"The agent navigated vals.ai/benchmarks, opened the MMLU Pro page, and extracted benchmark data for the requested models. It reported concrete scores f"
1797096,"Analyze MCC token smart contract code on BSC to identify functions, ownership, and potential risks w",The agent successfully navigated to the BscScan code page for the MCC token and produced a detailed analysis file 'mcc_bsc_contract_code_analysis.md'.
1873462,Read webpage https://www.ptechpartners.com/ and follow the prompt: Navigate to this website and find,[Used 1 step inspection(s)] The agent navigated to the site’s About/Team section and extracted named contacts with their job titles. Using inspect_ste
1999011,"First, navigate to https://www.imf.org/en/Publications/WEO/weo-database/2024/October. Then, extract.","The agent navigated to the IMF WEO October 2024 database, selected countries and subjects, set a date range, generated a report, and extracted data. I"
2003613,Read webpage https://app.uniswap.org/explore/pools and follow the prompt: Navega por la p\u00e1gina ,"The agent navigated to the Uniswap pools page and extracted detailed data for ETH/USDC (USDC/ETH) across multiple fee tiers and protocols, as well as "
2068140,Read webpage https://www.biggerpockets.com/forums/899/topics/1083016-best-property-management-softwa,The agent navigated to the specified BiggerPockets forum thread and extracted the discussion content. They parsed posts (extracting 14 posts) and gene
2099475,Read webpage https://www.immoweb.be/en/search/house-and-apartment/for-rent/gent/9000 and follow the ,"The agent delivered a concise list of specific Ghent (9000) rental properties in the 120–140 m² range, with addresses, prices, sizes, features, and no"
2110707,Read webpage https://www.flipkart.com and follow the prompt: Continue collecting products from Flipk,The agent successfully collected approximately 40 products from Flipkart across the requested categories and provided the required details. The execut
2118996,Read webpage https://tris.vn/ and follow the prompt: Analyze this website comprehensively. Extract: ,"The agent delivered a comprehensive website analysis covering all requested aspects: layout/structure, section hierarchy, design elements (colors, fon"
2125188,Read webpage https://www.sec.gov/Archives/edgar/data/0001876042/000119312525132755/d737521ds1a.htm a,The agent navigated to the specified S-1/A filing on sec.gov and extracted the requested financial statements. It produced three CSV files in the sand
2140824,Read webpage https://www.spitexcare.ch/ and follow the prompt: Analyze the website spitexcare.ch to ,The agent fulfilled the user’s request by analyzing spitexcare.ch for local SEO elements and providing documented findings. The execution trace shows 
2143378,"On the current Amazon Best Sellers in Books page, identify all book listings. Each book listing is t",The agent navigated to the Amazon Best Sellers in Books page and extracted data for all visible book listings. The final response provides a structure
2214895,Read webpage https://bstock.com/amazon/ and follow the prompt: Navigate to the B-Stock website and f,[Used 1 step inspection(s)] The agent navigated to B-Stock’s Amazon Liquidation Auctions and provided a list of currently available pallets relevant t
2216354,Read webpage https://derma-solution.com/ and follow the prompt: Analyze this second competitor's web,"The agent delivered a comprehensive SEO competitive analysis of derma-solution.com, including page title/meta/heading extraction, site structure, prod"
2225648,Read webpage https://www.greeencode.com and follow the prompt: Analyze this software agency website ,"The agent delivered a structured analysis covering all items requested: services, target market/industries, value proposition, case studies/portfolio,"
2252317,Read webpage https://www.susannabeatrice.global and follow the prompt: Extract all website content i,"The agent delivered the requested extraction and analysis. It navigated multiple sections of the site (Home, About, Blog, Contact, Services pages like"
2271368,Read webpage https://warmembracegifts.com/ and follow the prompt: Navigate through this website to f,"The agent navigated the site, enumerated categories, scraped the full product catalog, and extracted detailed information. Tool outputs show it pagina"
2277898,Read webpage https://dtfprinterusa.com/ and follow the prompt: Navigate to the website and perform a,"The agent delivered a concise technical analysis covering all requested areas: site speed, mobile optimization (viewport tag), crawlability (robots.tx"
2282208,Read webpage https://embracetransitioncoaching.com/about-paula/ and follow the prompt: Extract all c,"The agent navigated to the specified URL and extracted the page's content. It produced specific, plausible details (location: Bloomington, MN; ICF ACC"
2304432,Read webpage https://emeralddrift.myshopify.com/ and follow the prompt: Crawl the website https://em,[Used 3 step inspection(s)] The agent completed the technical SEO audit after the site redirected to emeralddrift.com. Its key claims are supported by
2307496,Read webpage https://www.icis.com/explore/commodities/chemicals/ and follow the prompt: Navigate to ,The agent successfully navigated from the ICIS chemicals page to the Data as a Service page and then to the ICIS Developer portal and API Quick Start 
2329850,"Goal: Find detailed information about Google Cloud's data processing agreements, regional data handl","The agent delivered what the user asked for: links and summaries to Google Cloud's DPA, Service Specific Terms (including AI/ML terms), data residency"
2357258,You are a helpful assistant that validates if an issue detected by an upstream system is a real issu,"The agent delivered a clear validation report confirming the issue: the page’s official specs show Read 6700 MB/s and Write 5300 MB/s, while a highlig"
